city,link,video_name,duration_seconds,total_frames,total_pedestrians,total_crossed_pedestrians,measured_avg_walking_speed_mps,measured_crossing_speed_mps,measured_crossing_speed_n,pipeline_version,average_age,phone_usage_ratio,risky_crossing_ratio,run_red_light_ratio,crosswalk_usage_ratio,traffic_signs_ratio,total_vehicles,top3_vehicles,main_weather,sidewalk_prob,crosswalk_prob,traffic_light_prob,avg_road_width,Crack_prob,Potholes_prob,police_car_prob,Arrow Board_prob,cones_prob,accident_prob,pet_severe_conflicts,pet_moderate_conflicts,pet_queued_interactions,pet_min_s,vehicle_median_speed_mps,vehicle_p85_speed_mps,mean_headway_s,platoon_frac,vehicle_flow_per_min,anticipatory_start_frac,mean_red_exposure_s,hesitation_rate,aborted_start_rate,evasive_event_count,n_social_groups,grouped_pedestrians,look_before_cross_frac,looked_both_ways_frac,median_cadence_hz,cadence_n,top_vehicle1,top_vehicle2,top_vehicle3,crossing_time,crossing_speed,data_collected_date,state,country,iso3,continent,lat,lon,gmp,population_city,population_country,traffic_mortality,literacy_rate,avg_height,med_age,gini
Berlin,ORPGr4m2-Sw,Berlin1_ORPGr4m2-Sw,,0,6,,,,,legacy_1hz,37,0.0,,,,0.30888575458392104,10,"['motorbike', 'car', 'truck']",rain,,0.02117547409533669,0.3244005641748942,14.016939655172415,0.055056232647875396,0.0,0.0,0.11424541607898449,0.07475317348377997,0.0,,,,,,,,,,,,0.0,0.0,0,,,,,,,motorbike,car,truck,8.44,1.78,2026-07-25,,Germany,DEU,Europe,52.510885,13.3989367,271.818,3426354.0,83240525.0,3.8,99.0,173.2,46.7,32.4
Berlin,xNCeG8sO-bQ,Berlin2_xNCeG8sO-bQ,,0,2,,,,,legacy_1hz,26,0.0,,,,0.10810810810810811,0,"['ambulance', 'army vehicle', 'auto rickshaw']",rain,,0.0,0.08108108108108109,3.8203030303030303,0.05514705882352941,0.027573529411764705,0.0,0.08108108108108109,0.0,0.0,,,,,,,,,,,,0.0,0.0,0,,,,,,,ambulance,army vehicle,auto rickshaw,8.44,1.78,2026-07-25,,Germany,DEU,Europe,52.510885,13.3989367,271.818,3426354.0,83240525.0,3.8,99.0,173.2,46.7,32.4
Brisbane,9pPBmcKvFOc,Brisbane_9pPBmcKvFOc,,0,994,77,0.904,1.369,18,dense_v2,32,0.010559662090813094,0.38961038961038963,0.11688311688311688,0.0,0.20540910647038685,320,"['car', 'truck', 'motorbike']",shine,0.9476027397260274,0.0,0.3077713111947963,1.8377705479452056,0.2558204576457897,0.026369712501640972,0.0,0.006846970215679562,0.0010270455323519343,0.0,112,49,12,0.0,0.662,3.506,2.937,0.45,85.82,0.083,0.78,0.002,0.0,3,71,187,0.426,0.0,1.858,17,car,truck,motorbike,3.96,0.87,2026-07-25,,Australia,AUS,Oceania,-27.468968,153.023499,177.0,2582007.0,25687041.0,4.9,99.0,171.7,37.9,34.3
Chicago,XzwI2rGmf04,Chicago_XzwI2rGmf04,,0,618,48,1.168,1.524,5,dense_v2,42,0.004314063848144953,0.7916666666666666,0.125,0.0,0.14703514891333513,375,"['car', 'truck', 'bus']",shine,0.8939881910896403,0.0,0.3136570968607459,1.7678582930756843,0.05553642579566137,0.0042930162463833575,0.00026831231553528306,0.005634558626240944,0.017976925140863964,0.0,111,37,38,0.0,0.981,5.807,4.56,0.448,68.15,0.095,1.168,0.002,0.0,2,20,44,0.556,0.0,1.873,5,car,truck,bus,,,2026-07-25,IL,United States,USA,North America,41.8755616,-87.6244212,832.899,2696555.0,329484123.0,12.7,86.0,170.1,38.5,41.3
Cincinnati,G1I_PlmL_YA,Cincinnati_G1I_PlmL_YA,,0,16,2,1.255,1.333,1,dense_v2,27,0.0,1.0,0.0,0.0,0.016666666666666666,6,"['car', 'truck', 'bicycle']",rain,,0.05005561735261402,0.0,3.1576271186440676,0.10011123470522804,0.0,0.0,0.0,0.0,0.0,2,1,0,0.0,0.418,1.388,7.458,0.0,8.05,,,0.024,0.0,0,1,2,,,,,car,truck,bicycle,,,2026-07-25,OH,United States,USA,North America,39.1014537,-84.5124602,186.141,309317.0,329484123.0,12.7,86.0,170.1,38.5,41.3
Dhaka,ZruaEnhtYLA,Dhaka_ZruaEnhtYLA,900.0,27000,117,17,0.944,,,dense_v2,32,0.002403846153846154,1.0,0.0,0.0,0.021111111111111112,219,"['car', 'truck', 'motorbike']",sunrise,0.9366666666666666,0.0,0.0,0.902411111111111,0.2722222222222222,0.06444444444444444,0.0,0.0033333333333333335,0.0,0.0033333333333333335,11,5,0,0.0,,,4.456,0.332,78.8,,,0.001,0.0,0,4,8,0.167,0.0,,,car,truck,motorbike,2.55,1.17,2026-07-27,,Bangladesh,BGD,Asia,23.764402,90.389015,258.2,10356500.0,164689383.0,15.3,75.0,158.7,29.2,33.4
Jakarta,gmDBzijaIAA,Jakarta_gmDBzijaIAA,,0,1903,204,1.236,1.349,6,dense_v2,30,0.006256256256256257,0.9166666666666666,0.06372549019607843,0.0,0.17446951835634894,411,"['car', 'motorbike', 'bus']",shine,0.7793126684636119,0.0,0.05826877736611654,1.9658591644204852,0.02930625031580011,0.004379094874774729,0.0,0.012798922196025598,0.008420343550016841,0.0,134,81,56,0.0,1.22,3.488,3.794,0.404,87.05,0.105,4.137,0.01,0.001,3,71,162,0.32,0.006,1.736,5,car,motorbike,bus,4.12,0.97,2026-07-25,,Indonesia,IDN,Asia,-6.175394,106.827183,323.03,8540121.0,273523621.0,11.3,96.0,160.3,31.2,36.1
Kuala Lumpur,AxQcSoA9vGQ,Kuala Lumpur_AxQcSoA9vGQ,,0,715,82,0.992,1.168,5,dense_v2,30,0.006081081081081081,0.9024390243902439,0.23170731707317074,0.0,0.25430210325047803,406,"['car', 'motorbike', 'truck']",shine,0.8096907873764744,0.0,0.10866794136392607,1.903538412496015,0.13802923159477423,0.00988200041440647,0.00031867431485022306,0.007329509241555131,0.005417463352453792,0.0,169,51,25,0.0,1.339,4.566,4.703,0.375,61.69,0.6,3.662,0.008,0.0,3,30,83,0.191,0.0,,,car,motorbike,truck,4.29,0.78,2026-07-25,,Malaysia,MYS,Asia,3.151696,101.694237,59.831,1453975.0,32365998.0,22.5,83.0,163.1,31.4,40.7
Las Vegas,KWciBlhQjRA,Las Vegas_KWciBlhQjRA,,0,351,6,0.798,,,dense_v2,36,0.002207505518763797,0.6666666666666666,0.0,0.0,0.0873850197109067,238,"['car', 'truck', 'bus']",sunrise,0.8135815991237678,0.0,0.1835304424003504,1.7547250821467688,0.2604381523274789,0.007009269028157548,0.000657030223390276,0.01029347349978099,0.0019710906701708277,0.0002190100744634253,0,0,0,,1.255,8.151,5.43,0.36,58.54,,0.0,0.0,0.0,0,16,55,0.0,0.0,,,car,truck,bus,,,2026-07-25,NV,United States,USA,North America,36.1672559,-115.148516,160.728,623747.0,329484123.0,12.7,86.0,170.1,38.5,41.3
London,slTbgnXsBik,London1_slTbgnXsBik,,0,2,1,,,,legacy_1hz,29,0.0,1.0,0.0,0.0,0.0,0,"['ambulance', 'army vehicle', 'auto rickshaw']",rain,,0.0,1.0,4.95,0.07159904534606205,0.0,0.07142857142857142,0.0,0.0,0.0,,,,,,,,,,,0.0,0.0,0.0,0,1,2,,,,,ambulance,army vehicle,auto rickshaw,3.07,2.0,2026-07-25,,United Kingdom,GBR,Europe,51.5074456,-0.1277653,692.765,8961989.0,67215293.0,3.2,99.0,171.0,40.6,32.4
Los Angeles,4uhMg5na888,Los Angeles_4uhMg5na888,,0,554,40,1.066,1.459,15,dense_v2,34,0.0037174721189591076,0.675,0.15,0.0,0.22309124767225325,361,"['car', 'bus', 'truck']",rain,0.912816691505216,0.0,0.315828677839851,1.9559649776453054,0.0532724032807853,0.0029802743094145623,0.0,0.0022346368715083797,0.0007448789571694599,0.0,72,32,16,0.0,1.322,6.504,4.254,0.396,80.51,0.286,1.777,0.004,0.0,1,15,33,0.632,0.0,1.868,6,car,bus,truck,,,2026-07-25,CA,United States,USA,North America,34.0536909,-118.242766,1566.296,3898747.0,329484123.0,12.7,86.0,170.1,38.5,41.3
Manila,JY-Xyiept88,Manila_JY-Xyiept88,,0,3438,358,0.952,1.371,53,dense_v2,30,0.008434864104967198,0.9134078212290503,0.15363128491620112,0.0,0.1530675480272671,768,"['car', 'motorbike', 'truck']",shine,0.8241735537190082,0.0022727037943822896,0.14067341458376367,1.856987603305785,0.03987562111961653,0.013223003894587866,0.0004131377814501136,0.004131377814501136,0.004131377814501136,0.0,647,339,350,0.0,1.16,3.919,3.889,0.495,77.49,0.146,2.846,0.006,0.001,6,178,476,0.397,0.009,1.939,29,car,motorbike,truck,4.99,1.3,2026-07-25,,Philippines,PHL,Asia,14.590622,120.97997,162.3,1600000.0,109581085.0,12.0,96.0,159.6,25.4,40.7
Melbourne,81n46krHrQA,Melbourne_81n46krHrQA,,0,306,38,1.117,1.273,6,dense_v2,30,0.008517887563884156,0.8947368421052632,0.2894736842105263,0.0,0.36277173913043476,303,"['car', 'truck', 'bus']",shine,0.9418960244648318,0.0,0.21875,2.345929323819232,0.02377744313228184,0.002377744313228184,0.0,0.009510869565217392,0.0006793478260869565,0.00033967391304347825,32,10,4,0.0,0.539,5.574,3.568,0.5,375.06,0.133,2.081,0.002,0.0,5,18,40,0.333,0.0,1.798,2,car,truck,bus,3.99,0.98,2026-07-25,,Australia,AUS,Oceania,-37.814218,144.963161,318.677,4917750.0,25687041.0,4.9,99.0,171.7,37.9,34.3
Milan,ZByZSqoqzaI,Milan_ZByZSqoqzaI,,0,630,61,0.765,4.188,3,dense_v2,32,0.01600609756097561,0.7213114754098361,0.2459016393442623,0.0,1.2072072072072073,816,"['car', 'truck', 'bus']",shine,0.8326824872334034,0.0,0.3132132132132132,1.3539020726945026,0.14834909083629047,0.02192203164180001,0.0003003003003003003,0.0009009009009009009,0.0003003003003003003,0.0009009009009009009,53,22,32,0.0,1.027,2.766,2.945,0.532,104.88,0.273,2.084,0.005,0.001,0,25,56,0.241,0.0,2.063,3,car,truck,bus,4.79,1.14,2026-07-25,,Italy,ITA,Europe,45.4641943,9.1896346,233.596,1371498.0,59554023.0,5.3,99.0,168.1,48.1,34.8
Monaco,ij6xccYYIuE,Monaco_ij6xccYYIuE,,0,152,35,1.679,,,dense_v2,36,0.022727272727272728,0.9428571428571428,0.02857142857142857,0.0,0.7049092849519744,180,"['car', 'motorbike', 'truck']",sunrise,0.9701014415376401,0.0,0.018676627534685165,1.7625734116390819,0.025625967647215846,0.003203245955901981,0.0005336179295624333,0.015474919957310566,0.006937033084311633,0.0005336179295624333,7,0,0,0.0,0.093,0.676,3.089,0.614,107.41,0.0,1.573,0.005,0.002,2,11,24,0.273,0.0,,,car,motorbike,truck,1.8,2.73,2026-07-25,,Monaco,MCO,Europe,43.738418,7.424616,6.816,32965.0,39244.0,5.5,99.0,180.0,56.2,27.5
Mumbai,hm8yVZF-LHY,Mumbai1_hm8yVZF-LHY,,0,6,3,,,,legacy_1hz,38,0.0,0.6666666666666666,0.0,0.0,0.19047619047619047,1,"['car', 'army vehicle', 'auto rickshaw']",rain,,0.0,0.07142857142857142,8.108378378378378,0.0,0.0,0.023809523809523808,0.0,0.0,0.11904761904761904,,,,,,,,,,1.0,4.0,0.0,0.0,0,,,,,,,car,army vehicle,auto rickshaw,,,2026-07-25,MH,India,IND,Asia,18.938771,72.835335,277.98,12691836.0,1380004385.0,15.6,76.0,160.8,29.5,32.8
Mumbai,mJZldCMZhyA,Mumbai2_mJZldCMZhyA,,0,4,1,,,,legacy_1hz,28,0.0,1.0,0.0,0.0,0.08823529411764706,3,"['car', 'bus', 'ambulance']",rain,,0.0,0.0,5.826875,0.11910669975186104,0.0,0.029411764705882353,0.0,0.0,0.0,,,,,,,,,,,,0.0,0.0,0,1,2,,,,,car,bus,ambulance,,,2026-07-25,MH,India,IND,Asia,18.938771,72.835335,277.98,12691836.0,1380004385.0,15.6,76.0,160.8,29.5,32.8
New York,_Wyg213IZDI,New York__Wyg213IZDI,3113.843902952476,186644,2038,235,0.94,1.253,86,dense_v2,32,0.01006993006993007,0.7319148936170212,0.0851063829787234,0.0,0.2655094824815172,389,"['car', 'truck', 'bus']",shine,0.82508038585209,0.0009644028203424701,0.15750562520090003,1.8673311897106109,0.05304215511883586,0.004179078888150704,0.0003214400514304082,0.01285760205721633,0.008678881388621022,0.0003214400514304082,261,142,181,0.0,0.784,2.623,3.877,0.43,83.43,0.131,1.7,0.005,0.001,4,135,377,0.48,0.02,1.884,48,car,truck,bus,,,2026-07-25,NY,United States,USA,North America,40.7127281,-74.0060152,2163.208,8804190.0,329484123.0,12.7,86.0,170.1,38.5,41.3
NewYork,m_wznfPqd0I,NewYork1_m_wznfPqd0I,,0,6,1,,,,legacy_1hz,32,0.0,1.0,0.0,0.0,0.125,5,"['car', 'truck', 'bus']",rain,,0.07981755986316989,0.0,5.108809523809522,0.06841505131128849,0.0,0.0,0.0,0.0,0.0,,,,,,,,,,,,0.0,0.0,0,,,,,,,car,truck,bus,,,2026-07-25,,,,,,,,,,,,,,
NewYork,8Tee4dzv0Bs,NewYork3_8Tee4dzv0Bs,,0,47,3,,,,legacy_1hz,34,0.0,1.0,0.0,0.0,0.0821917808219178,13,"['rickshaw', 'bus', 'motorbike']",rain,,0.006872852233676976,0.0273972602739726,14.050344827586208,0.006872852233676976,0.013745704467353952,0.00684931506849315,0.0,0.0,0.0,,,,,,,,,,,1.333,0.064,0.0,0,2,4,,,,,rickshaw,bus,motorbike,,,2026-07-25,,,,,,,,,,,,,,
Paris,UElofxU8Nvo,Paris1_UElofxU8Nvo,,0,149,13,,,,legacy_1hz,30,0.0,1.0,0.15384615384615385,0.0,0.3584474885844749,28,"['bus', 'car', 'rickshaw']",rain,,0.05028954587016154,0.0410958904109589,13.946681922196795,0.16229807985370315,0.0,0.0045662100456621,0.00228310502283105,0.00684931506849315,0.01141552511415525,,,,,,,,,,0.0,4.615,0.007,0.0,0,3,6,,,,,bus,car,rickshaw,4.11,0.9,2026-07-25,,France,FRA,Europe,48.8588897,2.320041022,934.168,2138551.0,67391582.0,5.1,99.0,171.5,42.4,31.5
Paris,obsNhiqsuJ4,Paris2_obsNhiqsuJ4,,0,2,,,,,legacy_1hz,50,0.0,,,,0.14705882352941177,2,"['car', 'truck', 'auto rickshaw']",shine,,0.17857142857142858,0.029411764705882353,7.382068965517242,0.0,0.0,0.0,0.0,0.058823529411764705,0.17647058823529413,,,,,,,,,,,,0.0,0.0,0,,,,,,,car,truck,auto rickshaw,4.11,0.9,2026-07-25,,France,FRA,Europe,48.8588897,2.320041022,934.168,2138551.0,67391582.0,5.1,99.0,171.5,42.4,31.5
Sydney,wMu6Va5PhGY,Sydney_wMu6Va5PhGY,,0,953,114,1.278,1.51,47,dense_v2,36,0.007633587786259542,0.9473684210526315,0.22807017543859648,0.0,0.1975633849193283,372,"['car', 'bus', 'truck']",rain,0.9252551860388541,0.0,0.23674678959499507,2.1510405004939086,0.025024695423114918,0.0016463615409944023,0.0,0.0135001646361541,0.0026341784655910436,0.0,263,159,128,0.0,0.92,3.991,3.937,0.392,64.55,0.4,3.345,0.003,0.0,1,46,110,0.452,0.016,1.957,19,car,bus,truck,4.57,0.98,2026-07-25,,Australia,AUS,Oceania,-33.8698439,151.2082848,398.037,5231147.0,25687041.0,4.9,99.0,171.7,37.9,34.3
Tokyo,pnVAm2YhJLg,Tokyo1_pnVAm2YhJLg,,0,47,6,,,,legacy_1hz,30,0.0,1.0,0.3333333333333333,0.0,0.21354166666666666,8,"['rickshaw', 'bus', 'motorbike']",rain,,0.005211047420531527,0.036458333333333336,14.229424083769636,0.026055237102657634,0.0,0.005208333333333333,0.0,0.015625,0.015625,,,,,,,,,,0.667,10.833,0.043,0.0,0,3,8,,,,,rickshaw,bus,motorbike,4.44,0.76,2026-07-25,,Japan,JPN,Asia,35.682839,139.759455,2080.758,9733276.0,125836021.0,3.6,99.0,165.3,49.5,32.9
Tokyo,GuYrT1OGJyc,Tokyo2_GuYrT1OGJyc,,0,2,1,,,,legacy_1hz,,0.0,1.0,0.0,0.0,0.0,1,"['motorbike', 'army vehicle', 'auto rickshaw']",rain,,0.0,0.043478260869565216,2.771428571428572,0.04504504504504504,0.0,0.0,0.0,0.0,0.0,,,,,,,,,,,,0.0,0.0,0,,,,,,,motorbike,army vehicle,auto rickshaw,4.44,0.76,2026-07-25,,Japan,JPN,Asia,35.682839,139.759455,2080.758,9733276.0,125836021.0,3.6,99.0,165.3,49.5,32.9
Toronto,3ai7SUaPoHM,Toronto_3ai7SUaPoHM,,0,123,24,0.836,1.387,19,dense_v2,34,0.005434782608695652,0.25,0.0,0.0,0.9833333333333333,24,"['car', 'bicycle', 'ambulance']",cloudy,,0.0,0.9166666666666666,1.649830508474576,0.0,0.0,0.016666666666666666,0.0,0.0,0.0,79,48,103,0.0,0.903,3.118,2.39,0.286,25.1,0.083,0.0,0.0,0.0,3,3,7,,,,,car,bicycle,ambulance,,,2026-07-25,ON,Canada,CAN,North America,43.6534817,-79.3839347,349.201,2600000.0,38005238.0,5.3,99.0,171.7,42.4,31.7
Ulm,Qh1n6VVKgn0,Ulm1_Qh1n6VVKgn0,,0,48,1,,,,legacy_1hz,34,0.0,0.0,0.0,1.0,0.8507462686567164,143,"['car', 'motorbike', 'three wheelers -CNG-']",shine,,0.034841278619621725,0.19154228855721392,18.423892116182575,0.1327286804557018,0.020738856321203408,0.0,0.006633499170812604,0.0,0.0,,,,,,,,,,0.0,130.0,0.0,0.0,0,,,,,,,car,motorbike,three wheelers -CNG-,,,2026-07-25,,Germany,,,,,,,,,,,,
Ulm,ULl8s4qydrk,Ulm2_ULl8s4qydrk,,0,77,,,,,legacy_1hz,36,0.0,,,,0.7803114571746385,139,"['car', 'truck', 'bus']",rain,,0.027809191864884408,0.3720800889877642,18.184746800222594,0.013904595932442204,0.005005654535679193,0.0,0.0016685205784204673,0.0005561735261401557,0.0,,,,,,,,,,,,0.0,0.0,0,,,,,,,car,truck,bus,,,2026-07-25,,Germany,,,,,,,,,,,,
